{"mean": [5.560248376786387, 5.558829971031259, 5.557766830822697, 5.556212640981021, 5.554484666859771], "std": [4.636739164735186, 4.635057018774363, 4.63457134642495, 4.632804540472007, 4.631256802795307]}